{
  "slides/chapter_5_72ba80782afab2ad9698ee2240e92eb5.md": [
    {
      "timing": 0,
      "state": {
        "indexh": 0,
        "indexf": -1
      }
    },
    {
      "timing": 0.4560899573809481,
      "state": {
        "indexh": 0,
        "indexf": 0
      }
    },
    {
      "timing": 0.45608995738094793,
      "state": {
        "indexh": 1,
        "indexf": -1
      }
    }
  ]
}